"Message",Low,"Démarrage de la compilation .NET Native"
"Message",Low,""
"Message",Low,""
"Message",Low,"Tâche ""Gatekeeper"""
"Message",Normal,"Lancement de 'C:\Program Files (x86)\Microsoft SDKs\UWPNuGetPackages\runtime.win10-x86.microsoft.net.native.compiler\2.2.7-rel-27913-00\tools\x86\ilc\ilc.exe --gatekeeper @""C:\Users\amri_\source\repos\test_ble\dobot_ble_demo\obj\x86\Debug\ilc\intermediate\gkargs.rsp""'"
"Message",Low,"Microsoft (R) .NET Native Gatekeeper, version 2.2.27913.00 "
"Message",Low,"Copyright (C) Microsoft Corporation.  All rights reserved. "
"Message",Low," "
"Message",Low,"ILCTelemetry: System.ArgumentException: Could not deserialize to TelemetrySession object"
"Message",Low,"Nom du param�tre�: serializedSession ---> System.Runtime.Serialization.SerializationException: Une erreur s'est produite lors de la d�s�rialisation de l'objet de type Microsoft.VisualStudio.Telemetry.TelemetrySessionSettings. Jeton '""' attendu, mais 'I' a �t� trouv�. ---> System.Xml.XmlException: Jeton '""' attendu, mais 'I' a �t� trouv�."
"Message",Low,"   � System.Xml.XmlExceptionHelper.ThrowXmlException(XmlDictionaryReader reader, String res, String arg1, String arg2, String arg3)"
"Message",Low,"   � System.Xml.XmlExceptionHelper.ThrowTokenExpected(XmlDictionaryReader reader, String expected, Char found)"
"Message",Low,"   � System.Runtime.Serialization.Json.XmlJsonReader.ReadServerTypeAttribute(Boolean consumedObjectChar)"
"Message",Low,"   � System.Runtime.Serialization.Json.XmlJsonReader.ReadAttributes()"
"Message",Low,"   � System.Runtime.Serialization.Json.XmlJsonReader.ReadNonExistentElementName(StringHandleConstStringType elementName)"
"Message",Low,"   � System.Runtime.Serialization.Json.XmlJsonReader.Read()"
"Message",Low,"   � System.Xml.XmlBaseReader.IsStartElement()"
"Message",Low,"   � System.Xml.XmlBaseReader.IsStartElement(XmlDictionaryString localName, XmlDictionaryString namespaceUri)"
"Message",Low,"   � System.Runtime.Serialization.XmlReaderDelegator.IsStartElement(XmlDictionaryString localname, XmlDictionaryString ns)"
"Message",Low,"   � System.Runtime.Serialization.XmlObjectSerializer.IsRootElement(XmlReaderDelegator reader, DataContract contract, XmlDictionaryString name, XmlDictionaryString ns)"
"Message",Low,"   � System.Runtime.Serialization.Json.DataContractJsonSerializer.InternalIsStartObject(XmlReaderDelegator reader)"
"Message",Low,"   � System.Runtime.Serialization.Json.DataContractJsonSerializer.InternalReadObject(XmlReaderDelegator xmlReader, Boolean verifyObjectName)"
"Message",Low,"   � System.Runtime.Serialization.XmlObjectSerializer.InternalReadObject(XmlReaderDelegator reader, Boolean verifyObjectName, DataContractResolver dataContractResolver)"
"Message",Low,"   � System.Runtime.Serialization.XmlObjectSerializer.ReadObjectHandleExceptions(XmlReaderDelegator reader, Boolean verifyObjectName, DataContractResolver dataContractResolver)"
"Message",Low,"   --- Fin de la trace de la pile d'exception interne ---"
"Message",Low,"   � System.Runtime.Serialization.XmlObjectSerializer.ReadObjectHandleExceptions(XmlReaderDelegator reader, Boolean verifyObjectName, DataContractResolver dataContractResolver)"
"Message",Low,"   � System.Runtime.Serialization.Json.DataContractJsonSerializer.ReadObject(XmlDictionaryReader reader)"
"Message",Low,"   � System.Runtime.Serialization.Json.DataContractJsonSerializer.ReadObject(Stream stream)"
"Message",Low,"   � Microsoft.VisualStudio.Telemetry.TelemetrySessionSettings.Deserialize(String settings)"
"Message",Low,"   � Microsoft.VisualStudio.Telemetry.TelemetrySessionSettings.Parse(String serializedSession)"
"Message",Low,"   --- Fin de la trace de la pile d'exception interne ---"
"Message",Low,"   � Microsoft.VisualStudio.Telemetry.TelemetrySessionSettings.Parse(String serializedSession)"
"Message",Low,"   � ILCTelemetry.Program.ReadEvents()"
"Message",Low,"   � ILCTelemetry.Program.Main(String[] args)"
"Message",Low,"V�rification de l'assembly 'C:\Users\amri_\source\repos\test_ble\dobot_ble_demo\obj\x86\Debug\ilc\in\dobot_ble_demo.exe'. "
"Message",Normal,"'C:\Program Files (x86)\Microsoft SDKs\UWPNuGetPackages\runtime.win10-x86.microsoft.net.native.compiler\2.2.7-rel-27913-00\tools\x86\ilc\ilc.exe --gatekeeper @""C:\Users\amri_\source\repos\test_ble\dobot_ble_demo\obj\x86\Debug\ilc\intermediate\gkargs.rsp""' achevé."
"Message",Normal,"Statistiques d'exécution de processus (toutes les durées en millisecondes)"
"Message",Normal,"-----------------------------------------------------------------------------"
"Message",Normal,"lancement | début |   arrêt  |   fin    |  durée   | durée de vie | nom [emplacement]"
"Message",Normal,"-----------------------------------------------------------------------------"
"Message",Normal,"       0 |       15 |      406 |      406 |      391 |      406 | [0] Gatekeeper"
"Message",Normal,"Nombre de commandes :    1"
"Message",Normal,"Temps système total :    406 ms"
"Message",Normal,"Temps système par commande : 406 ms"
"Message",Normal,"Durée totale :           391 ms"
"Message",Normal,"Durée de vie totale :    406 ms"
"Message",Normal,"DOP demandé :            8"
"Message",Normal,"Durée DOP :              1,0"
"Message",Normal,"Durée de vie DOP :       1,0"
"Message",Low,"Fin de l'exécution de la tâche ""Gatekeeper""."
"Message",Low,"Génération de la cible ""RunGatekeeper"" terminée dans le fichier ""Preparation""."
"Message",Low,""
"Message",Low,"Génération de la cible ""CreateToolchainGeneratedAssembly"" terminée dans le fichier ""Preparation""."
"Message",Low,""
"Message",Low,"Tâche ""PreMergeAssemblyClosure"""
"Message",Low,"Fin de l'exécution de la tâche ""PreMergeAssemblyClosure""."
"Message",Low,"Génération de la cible ""ConstructPreMergeAssemblyClosure"" terminée dans le fichier ""Preparation""."
"Message",Low,""
"Message",Low,"Tâche ""McgReferenceResolveFilePath"""
"Message",Low,"Fin de l'exécution de la tâche ""McgReferenceResolveFilePath""."
"Message",Low,"Génération de la cible ""PreResolveTransforms"" terminée dans le fichier ""Preparation""."
"Message",Low,""
"Message",Low,"Tâche ""ResolveToolchainRequiredAssemblyRoots"""
"Message",Low,"Fin de l'exécution de la tâche ""ResolveToolchainRequiredAssemblyRoots""."
"Message",Low,"Tâche ""ILTransformAssemblyClosure"""
"Message",Low,"Fin de l'exécution de la tâche ""ILTransformAssemblyClosure""."
"Message",Low,"Tâche ""ResolveToolchainRequiredAssemblyRoots"""
"Message",Low,"Fin de l'exécution de la tâche ""ResolveToolchainRequiredAssemblyRoots""."
"Message",Low,"Tâche ""ReducedCopyAssemblyClosure"""
"Message",Low,"Fin de l'exécution de la tâche ""ReducedCopyAssemblyClosure""."
"Message",Low,"Génération de la cible ""ConstructILTransformAssemblyClosure"" terminée dans le fichier ""Preparation""."
"Message",Low,"Génération du projet ""Preparation"" terminée."
"Message",Low,""
"Message",Low,""
"Message",High,"Traitement du code de l'application"
"Message",Low,"Tâche ""RunILTransforms"""
"Message",Normal,"Exécution de la transformation 'DumpNativeResources', tas à 107 Mo."
"Message",Normal,"Exécution de la transformation 'Analysis', tas à 81 Mo."
"Message",Low,"Chargement de 79 modules..."
"Message",Normal,"Directives de réflexion importées à partir de 10 fichiers :"
"Message",Normal,"C:\Users\amri_\source\repos\test_ble\dobot_ble_demo\obj\x86\Debug\ilc\in\Properties\Default.rd.xml"
"Message",Normal,"Manifeste incorporé dans System.Private.Interop : Resources.System.Private.Interop.rd.xml"
"Message",Normal,"Manifeste incorporé dans System.Private.WinRTInterop.CoreLib : Resources.System.Private.WinRTInterop.CoreLib.rd.xml"
"Message",Normal,"Manifeste incorporé dans System.Runtime.WindowsRuntime.UI.Xaml : Resources.System.Runtime.WindowsRuntime.UI.Xaml.rd.xml"
"Message",Normal,"Manifeste incorporé dans System.ComponentModel.TypeConverter : System.ComponentModel.TypeConverter.Resources.System.ComponentModel.TypeConverter.rd.xml"
"Message",Normal,"Manifeste incorporé dans System.Private.CoreLib : Resources.System.Private.CoreLib.rd.xml"
"Message",Normal,"Manifeste incorporé dans System.Private.Uri : Resources.System.Private.Uri.rd.xml"
"Message",Normal,"Manifeste incorporé dans System.Private.Reflection.Core : System.Private.Reflection.Core.rd.xml"
"Message",Normal,"Manifeste incorporé dans System.Runtime.Serialization.Formatters : System.Runtime.Serialization.Formatters.Resources.System.Runtime.Serialization.Formatters.rd.xml"
"Message",Normal,"Manifeste incorporé dans System.Net.Primitives : Resources.System.Net.Primitives.rd.xml"
"Message",Normal,"Racines XAML importées à partir de 1 fichiers :"
"Message",Normal,"C:\Users\amri_\source\repos\test_ble\dobot_ble_demo\obj\x86\Debug\ilc\in\dobot_ble_demo.xr.xml"
"Message",Normal,"Exécution de la transformation 'Mcg', tas à 222 Mo."
"Message",High,"Calcul de la fermeture de l'application et génération du code interop"
"Message",High,"  Chargement de 79 modules..."
"Message",Normal,"          P/Invoke 'LoadLibraryA' résolu en 'LoadLibraryA!Kernel32.dll' à partir de 'SupportedAPIs.xml'."
"Message",Normal,"          P/Invoke 'DobotExec' résolu en 'DobotExec!DobotDll.dll' à partir de 'DobotDll.dll'."
"Message",Normal,"          P/Invoke 'ConnectDobot' résolu en 'ConnectDobot!DobotDll.dll' à partir de 'DobotDll.dll'."
"Message",Normal,"          P/Invoke 'DisconnectDobot' résolu en 'DisconnectDobot!DobotDll.dll' à partir de 'DobotDll.dll'."
"Message",Normal,"          P/Invoke 'SearchDobot' résolu en 'SearchDobot!DobotDll.dll' à partir de 'DobotDll.dll'."
"Message",Normal,"          P/Invoke 'SetCmdTimeout' résolu en 'SetCmdTimeout!DobotDll.dll' à partir de 'DobotDll.dll'."
"Message",Normal,"          P/Invoke 'SetQueuedCmdStartExec' résolu en 'SetQueuedCmdStartExec!DobotDll.dll' à partir de 'DobotDll.dll'."
"Message",Normal,"          P/Invoke 'SetQueuedCmdStopExec' résolu en 'SetQueuedCmdStopExec!DobotDll.dll' à partir de 'DobotDll.dll'."
"Message",Normal,"          P/Invoke 'SetQueuedCmdForceStopExec' résolu en 'SetQueuedCmdForceStopExec!DobotDll.dll' à partir de 'DobotDll.dll'."
"Message",Normal,"          P/Invoke 'SetQueuedCmdStartDownload' résolu en 'SetQueuedCmdStartDownload!DobotDll.dll' à partir de 'DobotDll.dll'."
"Message",Normal,"          P/Invoke 'SetQueuedCmdStopDownload' résolu en 'SetQueuedCmdStopDownload!DobotDll.dll' à partir de 'DobotDll.dll'."
"Message",Normal,"          P/Invoke 'SetQueuedCmdClear' résolu en 'SetQueuedCmdClear!DobotDll.dll' à partir de 'DobotDll.dll'."
"Message",Normal,"          P/Invoke 'GetQueuedCmdCurrentIndex' résolu en 'GetQueuedCmdCurrentIndex!DobotDll.dll' à partir de 'DobotDll.dll'."
"Message",Normal,"          P/Invoke 'SetDeviceSN' résolu en 'SetDeviceSN!DobotDll.dll' à partir de 'DobotDll.dll'."
"Message",Normal,"          P/Invoke 'GetDeviceSN' résolu en 'GetDeviceSN!DobotDll.dll' à partir de 'DobotDll.dll'."
"Message",Normal,"          P/Invoke 'SetDeviceName' résolu en 'SetDeviceName!DobotDll.dll' à partir de 'DobotDll.dll'."
"Message",Normal,"          P/Invoke 'GetDeviceName' résolu en 'GetDeviceName!DobotDll.dll' à partir de 'DobotDll.dll'."
"Message",Normal,"          P/Invoke 'SetEndEffectorParams' résolu en 'SetEndEffectorParams!DobotDll.dll' à partir de 'DobotDll.dll'."
"Message",Normal,"          P/Invoke 'GetEndEffectorParams' résolu en 'GetEndEffectorParams!DobotDll.dll' à partir de 'DobotDll.dll'."
"Message",Normal,"          P/Invoke 'SetEndEffectorLaser' résolu en 'SetEndEffectorLaser!DobotDll.dll' à partir de 'DobotDll.dll'."
"Message",Normal,"          P/Invoke 'GetEndEffectorParams' résolu en 'GetEndEffectorParams!DobotDll.dll' à partir de 'DobotDll.dll'."
"Message",Normal,"          P/Invoke 'SetEndEffectorSuctionCup' résolu en 'SetEndEffectorSuctionCup!DobotDll.dll' à partir de 'DobotDll.dll'."
"Message",Normal,"          P/Invoke 'GetEndEffectorParams' résolu en 'GetEndEffectorParams!DobotDll.dll' à partir de 'DobotDll.dll'."
"Message",Normal,"          P/Invoke 'SetEndEffectorGripper' résolu en 'SetEndEffectorGripper!DobotDll.dll' à partir de 'DobotDll.dll'."
"Message",Normal,"          P/Invoke 'GetEndEffectorParams' résolu en 'GetEndEffectorParams!DobotDll.dll' à partir de 'DobotDll.dll'."
"Message",Normal,"          P/Invoke 'ResetPose' résolu en 'ResetPose!DobotDll.dll' à partir de 'DobotDll.dll'."
"Message",Normal,"          P/Invoke 'GetPose' résolu en 'GetPose!DobotDll.dll' à partir de 'DobotDll.dll'."
"Message",Normal,"          P/Invoke 'GetKinematics' résolu en 'GetKinematics!DobotDll.dll' à partir de 'DobotDll.dll'."
"Message",Normal,"          P/Invoke 'SetDeviceWithL' résolu en 'SetDeviceWithL!DobotDll.dll' à partir de 'DobotDll.dll'."
"Message",Normal,"          P/Invoke 'GetDeviceWithL' résolu en 'GetDeviceWithL!DobotDll.dll' à partir de 'DobotDll.dll'."
"Message",Normal,"          P/Invoke 'GetPoseL' résolu en 'GetPoseL!DobotDll.dll' à partir de 'DobotDll.dll'."
"Message",Normal,"          P/Invoke 'SetPTPLParams' résolu en 'SetPTPLParams!DobotDll.dll' à partir de 'DobotDll.dll'."
"Message",Normal,"          P/Invoke 'SetPTPWithLCmd' résolu en 'SetPTPWithLCmd!DobotDll.dll' à partir de 'DobotDll.dll'."
"Message",Normal,"          P/Invoke 'GetAlarmsState' résolu en 'GetAlarmsState!DobotDll.dll' à partir de 'DobotDll.dll'."
"Message",Normal,"          P/Invoke 'ClearAllAlarmsState' résolu en 'ClearAllAlarmsState!DobotDll.dll' à partir de 'DobotDll.dll'."
"Message",Normal,"          P/Invoke 'SetHOMEParams' résolu en 'SetHOMEParams!DobotDll.dll' à partir de 'DobotDll.dll'."
"Message",Normal,"          P/Invoke 'GetHOMEParams' résolu en 'GetHOMEParams!DobotDll.dll' à partir de 'DobotDll.dll'."
"Message",Normal,"          P/Invoke 'SetHOMECmd' résolu en 'SetHOMECmd!DobotDll.dll' à partir de 'DobotDll.dll'."
"Message",Normal,"          P/Invoke 'SetJOGJointParams' résolu en 'SetJOGJointParams!DobotDll.dll' à partir de 'DobotDll.dll'."
"Message",Normal,"          P/Invoke 'GetJOGJointParams' résolu en 'GetJOGJointParams!DobotDll.dll' à partir de 'DobotDll.dll'."
"Message",Normal,"          P/Invoke 'SetJOGCoordinateParams' résolu en 'SetJOGCoordinateParams!DobotDll.dll' à partir de 'DobotDll.dll'."
"Message",Normal,"          P/Invoke 'GetJOGCoordinateParams' résolu en 'GetJOGCoordinateParams!DobotDll.dll' à partir de 'DobotDll.dll'."
"Message",Normal,"          P/Invoke 'SetJOGCommonParams' résolu en 'SetJOGCommonParams!DobotDll.dll' à partir de 'DobotDll.dll'."
"Warning",,0,0,"      MCG : warning MCG0004: La méthode 'GetJogCommonParams' est introuvable dans le module 'DobotDll.dll' spécifié par la méthode DllImport 'System.Int32 DobotBLEDemo.DobotDll.GetJogCommonParams(DobotBLEDemo.JOGCommonParams)'. L'appel de cette méthode lève une exception au moment de l'exécution."
"Message",Normal,"          P/Invoke 'SetJOGCmd' résolu en 'SetJOGCmd!DobotDll.dll' à partir de 'DobotDll.dll'."
"Message",Normal,"          P/Invoke 'SetJOGLParams' résolu en 'SetJOGLParams!DobotDll.dll' à partir de 'DobotDll.dll'."
"Message",Normal,"          P/Invoke 'SetPTPJointParams' résolu en 'SetPTPJointParams!DobotDll.dll' à partir de 'DobotDll.dll'."
"Message",Normal,"          P/Invoke 'GetPTPJointParams' résolu en 'GetPTPJointParams!DobotDll.dll' à partir de 'DobotDll.dll'."
"Message",Normal,"          P/Invoke 'SetPTPCoordinateParams' résolu en 'SetPTPCoordinateParams!DobotDll.dll' à partir de 'DobotDll.dll'."
"Warning",,0,0,"      MCG : warning MCG0004: La méthode 'GetPlaybackJumpParams' est introuvable dans le module 'DobotDll.dll' spécifié par la méthode DllImport 'System.Int32 DobotBLEDemo.DobotDll.GetPTPCoordinateParams(DobotBLEDemo.PTPCoordinateParams)'. L'appel de cette méthode lève une exception au moment de l'exécution."
"Message",Normal,"          P/Invoke 'SetPTPJumpParams' résolu en 'SetPTPJumpParams!DobotDll.dll' à partir de 'DobotDll.dll'."
"Warning",,0,0,"      MCG : warning MCG0004: La méthode 'GetPlaybackCommonParams' est introuvable dans le module 'DobotDll.dll' spécifié par la méthode DllImport 'System.Int32 DobotBLEDemo.DobotDll.GetPTPJumpParams(DobotBLEDemo.PTPJumpParams)'. L'appel de cette méthode lève une exception au moment de l'exécution."
"Message",Normal,"          P/Invoke 'SetPTPCommonParams' résolu en 'SetPTPCommonParams!DobotDll.dll' à partir de 'DobotDll.dll'."
"Message",Normal,"          P/Invoke 'GetPTPCommonParams' résolu en 'GetPTPCommonParams!DobotDll.dll' à partir de 'DobotDll.dll'."
"Message",Normal,"          P/Invoke 'SetPTPCmd' résolu en 'SetPTPCmd!DobotDll.dll' à partir de 'DobotDll.dll'."
"Message",Normal,"          P/Invoke 'SetCPParams' résolu en 'SetCPParams!DobotDll.dll' à partir de 'DobotDll.dll'."
"Message",Normal,"          P/Invoke 'GetCPParams' résolu en 'GetCPParams!DobotDll.dll' à partir de 'DobotDll.dll'."
"Message",Normal,"          P/Invoke 'SetCPCmd' résolu en 'SetCPCmd!DobotDll.dll' à partir de 'DobotDll.dll'."
"Message",Normal,"          P/Invoke 'SetWAITCmd' résolu en 'SetWAITCmd!DobotDll.dll' à partir de 'DobotDll.dll'."
"Message",Normal,"          P/Invoke 'SetIOMultiplexing' résolu en 'SetIOMultiplexing!DobotDll.dll' à partir de 'DobotDll.dll'."
"Message",Normal,"          P/Invoke 'GetIOMultiplexing' résolu en 'GetIOMultiplexing!DobotDll.dll' à partir de 'DobotDll.dll'."
"Message",Normal,"          P/Invoke 'SetIODO' résolu en 'SetIODO!DobotDll.dll' à partir de 'DobotDll.dll'."
"Message",Normal,"          P/Invoke 'GetIODO' résolu en 'GetIODO!DobotDll.dll' à partir de 'DobotDll.dll'."
"Message",Normal,"          P/Invoke 'SetIOPWM' résolu en 'SetIOPWM!DobotDll.dll' à partir de 'DobotDll.dll'."
"Message",Normal,"          P/Invoke 'GetIODO' résolu en 'GetIODO!DobotDll.dll' à partir de 'DobotDll.dll'."
"Message",Normal,"          P/Invoke 'GetIODI' résolu en 'GetIODI!DobotDll.dll' à partir de 'DobotDll.dll'."
"Message",Normal,"          P/Invoke 'GetIOADC' résolu en 'GetIOADC!DobotDll.dll' à partir de 'DobotDll.dll'."
"Message",Normal,"          P/Invoke 'SetARCParams' résolu en 'SetARCParams!DobotDll.dll' à partir de 'DobotDll.dll'."
"Message",Normal,"          P/Invoke 'GetARCParams' résolu en 'GetARCParams!DobotDll.dll' à partir de 'DobotDll.dll'."
"Message",Normal,"          P/Invoke 'SetARCCmd' résolu en 'SetARCCmd!DobotDll.dll' à partir de 'DobotDll.dll'."
"Message",Normal,"          P/Invoke 'RhpGetFuncEvalParameterBufferSize' avec [DllImport(ExactSpelling=true)] a été résolu en '[MRT]!RhpGetFuncEvalParameterBufferSize'."
"Message",Normal,"          P/Invoke 'RhpGetFuncEvalMode' avec [DllImport(ExactSpelling=true)] a été résolu en '[MRT]!RhpGetFuncEvalMode'."
"Message",Normal,"          P/Invoke 'RhpRecordDebuggeeInitiatedHandle' avec [DllImport(ExactSpelling=true)] a été résolu en '[MRT]!RhpRecordDebuggeeInitiatedHandle'."
"Message",Normal,"          P/Invoke 'RhpVerifyDebuggerCleanup' avec [DllImport(ExactSpelling=true)] a été résolu en '[MRT]!RhpVerifyDebuggerCleanup'."
"Message",Normal,"          P/Invoke 'RhpGetCurrentThread' avec [DllImport(ExactSpelling=true)] a été résolu en '[MRT]!RhpGetCurrentThread'."
"Message",Normal,"          P/Invoke 'RhWaitForPendingFinalizers' avec [DllImport(ExactSpelling=true)] a été résolu en '[MRT]!RhWaitForPendingFinalizers'."
"Message",Normal,"          P/Invoke 'RhYield' avec [DllImport(ExactSpelling=true)] a été résolu en '[MRT]!RhYield'."
"Message",Normal,"          P/Invoke 'RhFlushProcessWriteBuffers' avec [DllImport(ExactSpelling=true)] a été résolu en '[MRT]!RhFlushProcessWriteBuffers'."
"Message",Normal,"          P/Invoke 'RhCompatibleReentrantWaitAny' avec [DllImport(ExactSpelling=true)] a été résolu en '[MRT]!RhCompatibleReentrantWaitAny'."
"Message",Normal,"          P/Invoke 'RhCallDescrWorker' avec [DllImport(ExactSpelling=true)] a été résolu en '[MRT]!RhCallDescrWorker'."
"Message",Normal,"          P/Invoke '_ecvt_s' avec [DllImport(ExactSpelling=true)] a été résolu en '[MRT]!_ecvt_s'."
"Message",Normal,"          P/Invoke 'memmove' avec [DllImport(ExactSpelling=true)] a été résolu en '[MRT]!memmove'."
"Message",Normal,"          P/Invoke 'memset' avec [DllImport(ExactSpelling=true)] a été résolu en '[MRT]!memset'."
"Message",Normal,"          P/Invoke 'CallingConventionConverter_GetStubs' avec [DllImport(ExactSpelling=true)] a été résolu en '*!CallingConventionConverter_GetStubs'."
"Message",Normal,"          P/Invoke 'WindowsCreateStringReference' résolu en 'WindowsCreateStringReference!api-ms-win-core-winrt-string-l1-1-0.dll' à partir de 'SupportedAPIs.xml'."
"Message",Normal,"          P/Invoke 'GetLastError' résolu en 'GetLastError!api-ms-win-core-errorhandling-l1-1-0.dll' à partir de 'SupportedAPIs.xml'."
"Message",Normal,"          P/Invoke 'SetLastError' résolu en 'SetLastError!api-ms-win-core-errorhandling-l1-1-0.dll' à partir de 'SupportedAPIs.xml'."
"Message",Normal,"          P/Invoke 'RoInitialize' résolu en 'RoInitialize!api-ms-win-core-winrt-l1-1-0.dll' à partir de 'SupportedAPIs.xml'."
"Message",Normal,"          P/Invoke 'IsValidLocaleName' résolu en 'IsValidLocaleName!api-ms-win-core-localization-l1-2-0.dll' à partir de 'SupportedAPIs.xml'."
"Message",Normal,"          P/Invoke 'ResolveLocaleName' résolu en 'ResolveLocaleName!api-ms-win-core-localization-l1-2-0.dll' à partir de 'SupportedAPIs.xml'."
"Message",Normal,"          P/Invoke 'CertDuplicateCertificateContext' résolu en 'CertDuplicateCertificateContext!crypt32.dll' à partir de 'SupportedAPIs.xml'."
"Message",Normal,"          P/Invoke 'CertGetCertificateContextProperty' résolu en 'CertGetCertificateContextProperty!crypt32.dll' à partir de 'SupportedAPIs.xml'."
"Message",Normal,"          P/Invoke 'GetCPInfoExW' résolu en 'GetCPInfoExW!kernel32.dll' à partir de 'SupportedAPIs.xml'."
"Message",Normal,"          P/Invoke 'CryptQueryObject' résolu en 'CryptQueryObject!crypt32.dll' à partir de 'SupportedAPIs.xml'."
"Message",Normal,"          P/Invoke 'CertDuplicateCertificateContext' résolu en 'CertDuplicateCertificateContext!crypt32.dll' à partir de 'SupportedAPIs.xml'."
"Message",Normal,"          P/Invoke 'CertFreeCertificateContext' résolu en 'CertFreeCertificateContext!crypt32.dll' à partir de 'SupportedAPIs.xml'."
"Message",Normal,"          P/Invoke 'CryptMsgGetParam' résolu en 'CryptMsgGetParam!crypt32.dll' à partir de 'SupportedAPIs.xml'."
"Message",Normal,"          P/Invoke 'CryptMsgGetParam' résolu en 'CryptMsgGetParam!crypt32.dll' à partir de 'SupportedAPIs.xml'."
"Message",Normal,"          P/Invoke 'PFXImportCertStore' résolu en 'PFXImportCertStore!crypt32.dll' à partir de 'SupportedAPIs.xml'."
"Message",Normal,"          P/Invoke 'CryptFindOIDInfo' résolu en 'CryptFindOIDInfo!crypt32.dll' à partir de 'SupportedAPIs.xml'."
"Message",Normal,"          P/Invoke 'CoCreateInstance' résolu en 'CoCreateInstance!api-ms-win-core-com-l1-1-0.dll' à partir de 'SupportedAPIs.xml'."
"Message",Normal,"          P/Invoke 'CertGetCertificateContextProperty' résolu en 'CertGetCertificateContextProperty!crypt32.dll' à partir de 'SupportedAPIs.xml'."
"Message",Normal,"          P/Invoke 'CertCloseStore' résolu en 'CertCloseStore!crypt32.dll' à partir de 'SupportedAPIs.xml'."
"Message",Normal,"          P/Invoke 'CryptMsgClose' résolu en 'CryptMsgClose!crypt32.dll' à partir de 'SupportedAPIs.xml'."
"Message",Normal,"          P/Invoke 'CertFindCertificateInStore' résolu en 'CertFindCertificateInStore!crypt32.dll' à partir de 'SupportedAPIs.xml'."
"Message",Normal,"          P/Invoke 'CryptAcquireContextW' résolu en 'CryptAcquireContextW!advapi32.dll' à partir de 'SupportedAPIs.xml'."
"Message",Normal,"          P/Invoke 'CertEnumCertificatesInStore' résolu en 'CertEnumCertificatesInStore!crypt32.dll' à partir de 'SupportedAPIs.xml'."
"Message",Normal,"          P/Invoke 'SysFreeString' résolu en 'SysFreeString!OleAut32' à partir de 'SupportedAPIs.xml'."
"Message",Normal,"          P/Invoke 'FormatMessageW' résolu en 'FormatMessageW!kernel32.dll' à partir de 'SupportedAPIs.xml'."
"Message",Normal,"          P/Invoke 'GetStdHandle' résolu en 'GetStdHandle!kernel32.dll' à partir de 'SupportedAPIs.xml'."
"Message",Normal,"          P/Invoke 'CertGetNameStringW' résolu en 'CertGetNameStringW!crypt32.dll' à partir de 'SupportedAPIs.xml'."
"Message",Normal,"          P/Invoke 'NCryptOpenKey' résolu en 'NCryptOpenKey!ncrypt.dll' à partir de 'SupportedAPIs.xml'."
"Message",Normal,"          P/Invoke 'WriteFile' résolu en 'WriteFile!kernel32.dll' à partir de 'SupportedAPIs.xml'."
"Message",Normal,"          P/Invoke 'GetFileType' résolu en 'GetFileType!kernel32.dll' à partir de 'SupportedAPIs.xml'."
"Message",Normal,"          P/Invoke 'GetConsoleOutputCP' résolu en 'GetConsoleOutputCP!kernel32.dll' à partir de 'SupportedAPIs.xml'."
"Message",Normal,"          P/Invoke 'NCryptDeleteKey' résolu en 'NCryptDeleteKey!ncrypt.dll' à partir de 'SupportedAPIs.xml'."
"Message",Normal,"          P/Invoke 'NCryptOpenStorageProvider' résolu en 'NCryptOpenStorageProvider!ncrypt.dll' à partir de 'SupportedAPIs.xml'."
"Message",Normal,"          P/Invoke 'ReadFile' résolu en 'ReadFile!kernel32.dll' à partir de 'SupportedAPIs.xml'."
"Message",Normal,"          P/Invoke 'ReadConsoleW' résolu en 'ReadConsoleW!kernel32.dll' à partir de 'SupportedAPIs.xml'."
"Message",Normal,"          P/Invoke 'WriteConsoleW' résolu en 'WriteConsoleW!kernel32.dll' à partir de 'SupportedAPIs.xml'."
"Message",Normal,"          P/Invoke 'GetConsoleCP' résolu en 'GetConsoleCP!kernel32.dll' à partir de 'SupportedAPIs.xml'."
"Message",Normal,"          P/Invoke 'NCryptFreeObject' résolu en 'NCryptFreeObject!ncrypt.dll' à partir de 'SupportedAPIs.xml'."
"Message",Normal,"          P/Invoke 'WideCharToMultiByte' résolu en 'WideCharToMultiByte!kernel32.dll' à partir de 'SupportedAPIs.xml'."
"Message",Normal,"          P/Invoke 'MultiByteToWideChar' résolu en 'MultiByteToWideChar!kernel32.dll' à partir de 'SupportedAPIs.xml'."
"Message",Normal,"          P/Invoke 'GetCPInfoExW' résolu en 'GetCPInfoExW!kernel32.dll' à partir de 'SupportedAPIs.xml'."
"Message",Normal,"          P/Invoke 'FormatMessageW' résolu en 'FormatMessageW!kernel32.dll' à partir de 'SupportedAPIs.xml'."
"Message",Normal,"          P/Invoke 'GetConsoleMode' résolu en 'GetConsoleMode!kernel32.dll' à partir de 'SupportedAPIs.xml'."
"Message",Normal,"          P/Invoke 'FormatMessageW' résolu en 'FormatMessageW!kernel32.dll' à partir de 'SupportedAPIs.xml'."
"Message",Normal,"          P/Invoke 'RoGetBufferMarshaler' résolu en 'RoGetBufferMarshaler!api-ms-win-core-winrt-robuffer-l1-1-0.dll' à partir de 'SupportedAPIs.xml'."
"Message",High,"  Génération du code..."
"Message",High,"  Code interop généré."
"Message",Normal,"  Code écrit dans AssemblyInfo.g.cs"
"Message",Normal,"  Code écrit dans Adapters.g.cs"
"Message",Normal,"  Code écrit dans Data.g.cs"
"Message",Normal,"  Code écrit dans Helpers.g.cs"
"Message",Normal,"  Code écrit dans ImplTypes.g.cs"
"Message",Normal,"  Code écrit dans PInvoke.g.cs"
"Message",Normal,"  Code écrit dans SafeTypes.g.cs"
"Message",Normal,"  Code écrit dans SharedStubs.g.cs"
"Message",Normal,"Exécution de la transformation 'GenerateCodeAndCompile', tas à 221 Mo."
"Message",High,"Compilation du code interop"
"Message",Normal,"Compilation du code source généré : C:\Program Files (x86)\Microsoft SDKs\UWPNuGetPackages\microsoft.net.native.compiler\2.2.7-rel-27913-00\tools\csc\csc.exe /noconfig @""C:\Users\amri_\source\repos\test_ble\dobot_ble_demo\obj\x86\Debug\ilc\intermediate\dobot_ble_demo.McgInterop.rsp"""
"Message",High,"Génération du code proxy System.Reflection.DispatchProxy."
"Message",Normal,"Exécution de la transformation 'ReducedCopyInitialize', tas à 221 Mo."
"Message",Normal,"Exécution de la transformation 'ReducedCopyEmptyTypes', tas à 239 Mo."
"Message",Normal,"Exécution de la transformation 'ReducedCopyPopulateTypes', tas à 241 Mo."
"Message",Normal,"Exécution de la transformation 'ReducedCopyLateMetadata', tas à 253 Mo."
"Message",Normal,"Exécution de la transformation 'ReducedCopyPassResourcesToMutableAssembly', tas à 266 Mo."
"Message",Normal,"Exécution de la transformation 'ReducedCopyMethodBodies', tas à 175 Mo."
"Message",Normal,"Exécution de la transformation 'ReducedCopyComplete', tas à 176 Mo."
"Message",Normal,"Exécution de la transformation 'ReducedCopyCleanup', tas à 209 Mo."
"Message",Normal,"Exécution de la transformation 'ComImportDetector', tas à 209 Mo."
"Message",Normal,"Exécution de la transformation 'McgAccessor', tas à 209 Mo."
"Message",Normal,"Exécution de la transformation 'McgRedirect', tas à 209 Mo."
"Message",Normal,"Exécution de la transformation 'McgRedirect', tas à 212 Mo."
"Message",Normal,"Exécution de la transformation 'McgTypeOf', tas à 213 Mo."
"Message",Normal,"Exécution de la transformation 'EventSource', tas à 216 Mo."
"Message",Normal,"Exécution de la transformation 'ValueType', tas à 216 Mo."
"Message",Normal,"Exécution de la transformation 'Attribute', tas à 216 Mo."
"Message",Normal,"Exécution de la transformation 'GetType', tas à 216 Mo."
"Message",Normal,"Exécution de la transformation 'McgFixups', tas à 217 Mo."
"Message",Normal,"Exécution de la transformation 'ResourceManagerCtor', tas à 217 Mo."
"Message",Normal,"Exécution de la transformation 'TypeofTypeHandle', tas à 217 Mo."
"Message",Normal,"Exécution de la transformation 'DispatchProxyIntrinsics', tas à 222 Mo."
"Message",Normal,"Exécution de la transformation 'StaticInitData', tas à 222 Mo."
"Message",Normal,"Exécution de la transformation 'Delegate', tas à 228 Mo."
"Message",Normal,"Exécution de la transformation 'LazyGenerics', tas à 229 Mo."
"Message",Normal,"Exécution de la transformation 'AddReflectionBlockedAttributes', tas à 236 Mo."
"Message",Normal,"Exécution de la transformation 'DisableOptimization', tas à 236 Mo."
"Message",Normal,"Exécution de la transformation 'ResourceExtractor', tas à 236 Mo."
"Message",Normal,"Exécution de la transformation 'CreateMetadata', tas à 236 Mo."
"Message",Normal,"Exécution de la transformation 'StartupCodeInjector', tas à 247 Mo."
"Message",Normal,"Exécution de la transformation 'SaveRVAStatics', tas à 247 Mo."
"Message",Normal,"Exécution de la transformation 'ReflectionInvoke', tas à 247 Mo."
"Message",Normal,"Exécution de la transformation 'ScrubOpenCalls', tas à 248 Mo."
"Message",Normal,"Exécution de la transformation 'ConvertCatchIntoFilter', tas à 248 Mo."
"Message",Normal,"Exécution de la transformation 'ReflectionMappingInfoEmit', tas à 248 Mo."
"Message",Normal,"Exécution de la transformation 'ReflectionIntrinsics', tas à 249 Mo."
"Message",Normal,"Exécution de la transformation 'ConvertManagedWinMD', tas à 249 Mo."
"Message",Normal,"Exécution de la transformation 'DebuggerGuidedStepThroughJmc', tas à 249 Mo."
"Message",Normal,"Exécution de la transformation 'Reducer', tas à 251 Mo."
"Message",High,"Nettoyage du code non référencé"
"Message",Normal,"Exécution de la transformation 'WriteAssemblies', tas à 234 Mo."
"Message",Normal,""
"Message",Normal,"Résumé de la transformation"
"Message",Normal,"    ms | delta du tas | nom"
"Message",Normal,"  5986 |        141 | Analysis"
"Message",Normal,"  3000 |         34 | WriteAssemblies"
"Message",Normal,"  2138 |          0 | GenerateCodeAndCompile"
"Message",Normal,"  1014 |         -1 | Mcg"
"Message",Normal,"   811 |        -17 | Reducer"
"Message",Normal,"   359 |         33 | ReducedCopyComplete"
"Message",Normal,"   339 |         18 | ReducedCopyInitialize"
"Message",Normal,"   264 |          0 | ResourceExtractor"
"Message",Normal,"   257 |          1 | ReducedCopyMethodBodies"
"Message",Normal,"   236 |        -26 | DumpNativeResources"
"Message",Normal,"   148 |         11 | CreateMetadata"
"Message",Normal,"   124 |         12 | ReducedCopyPopulateTypes"
"Message",Normal,"   122 |         13 | ReducedCopyLateMetadata"
"Message",Normal,"   104 |        -91 | ReducedCopyPassResourcesToMutableAssembly"
"Message",Normal,"    78 |          5 | TypeofTypeHandle"
"Message",Normal,"    65 |          3 | McgTypeOf"
"Message",Normal,"    64 |          7 | LazyGenerics"
"Message",Normal,"    63 |          3 | McgRedirect"
"Message",Normal,"    59 |          6 | StaticInitData"
"Message",Normal,"    52 |          1 | McgRedirect"
"Message",Normal,"    38 |          0 | SaveRVAStatics"
"Message",Normal,"    24 |          1 | GetType"
"Message",Normal,"    19 |          2 | DebuggerGuidedStepThroughJmc"
"Message",Normal,"    19 |          0 | McgFixups"
"Message",Normal,"    17 |          2 | ReducedCopyEmptyTypes"
"Message",Normal,"    12 |          0 | DispatchProxyIntrinsics"
"Message",Normal,"    10 |          0 | ScrubOpenCalls"
"Message",Normal,"     9 |          0 | ReflectionIntrinsics"
"Message",Normal,"     5 |          1 | ReflectionMappingInfoEmit"
"Message",Normal,"     5 |          0 | ConvertCatchIntoFilter"
"Message",Normal,"     5 |          0 | McgAccessor"
"Message",Normal,"     4 |          1 | Delegate"
"Message",Normal,"     3 |          1 | ReflectionInvoke"
"Message",Normal,"     3 |          0 | ReducedCopyCleanup"
"Message",Normal,"     2 |          0 | EventSource"
"Message",Normal,"     2 |          0 | Attribute"
"Message",Normal,"     1 |          0 | StartupCodeInjector"
"Message",Normal,"     1 |          0 | AddReflectionBlockedAttributes"
"Message",Normal,"     1 |          0 | ValueType"
"Message",Normal,"     0 |          0 | ResourceManagerCtor"
"Message",Normal,"     0 |          0 | ConvertManagedWinMD"
"Message",Normal,"     0 |          0 | DisableOptimization"
"Message",Normal,"     0 |          0 | ComImportDetector"
"Message",Low,"Fin de l'exécution de la tâche ""RunILTransforms""."
"Message",Low,"Génération de la cible ""RunILTransforms"" terminée dans le fichier ""ILTransforms""."
"Message",Low,"Génération du projet ""ILTransforms"" terminée."
"Message",Low,""
"Message",Low,""
"Message",Low,"Génération de la cible ""GenerateMDIL"" terminée dans le fichier ""Nutc""."
"Message",Low,""
"Message",High,"Génération du code natif"
"Message",Low,"Génération de la cible ""MDILPrepareMultiFile"" terminée dans le fichier ""Nutc""."
"Message",Low,""
"Message",Low,"Génération de la cible ""SetBinaryForReferences"" terminée dans le fichier ""Nutc""."
"Message",Low,""
"Message",Low,"Tâche ""GenerateMDILGlobalAnalysis"""
"Message",Normal,"Lancement de 'C:\Program Files (x86)\Microsoft SDKs\UWPNuGetPackages\runtime.win10-x86.microsoft.net.native.compiler\2.2.7-rel-27913-00\tools\x86\ilc\Tools\nutc_driver.exe @""C:\Users\amri_\source\repos\test_ble\dobot_ble_demo\obj\x86\Debug\ilc\intermediate\MDIL\dobot_ble_demo.rsp""'"
"Message",Low,"Microsoft (R) MDIL Compiler - Version 2.2.27913.00"
"Message",Low,"Copyright (c) Microsoft Corporation.  All rights reserved."
"Message",Low,"Analyse des types d'entrée"
"Message",Low,"Génération de code hâtive"
"Message",Low,"Génération de code différée"
"Message",Low,"Compilation de 1435 méthodes."
"Message",Low,"Compilation de 2849 méthodes."
"Message",Low,"Compilation de 1604 méthodes."
"Message",Low,"Compilation de 809 méthodes."
"Message",Low,"Compilation de 522 méthodes."
"Message",Low,"Compilation de 362 méthodes."
"Message",Low,"Compilation de 201 méthodes."
"Message",Low,"Compilation de 293 méthodes."
"Message",Low,"Compilation de 290 méthodes."
"Message",Low,"Compilation de 142 méthodes."
"Message",Low,"Compilation de 62 méthodes."
"Message",Low,"Compilation de 53 méthodes."
"Message",Low,"Compilation de 24 méthodes."
"Message",Low,"Compilation de 16 méthodes."
"Message",Low,"Compilation de 5 méthodes."
"Message",Low,"Compilation de 6 méthodes."
"Message",Low,"Compilation de 5 méthodes."
"Message",Low,"Compilation de 18 méthodes."
"Message",Low,"Compilation de 9 méthodes."
"Message",Low,"Compilation de 6 méthodes."
"Message",Low,"Compilation de 2 méthodes."
"Message",Low,"Appel à la méthode managée Initialize effectué ; code de sortie : 0 durant la génération de la liste CTL.Statistiques des métadonnées de la trace de la pile"
"Message",Low,"Nombre de méthodes envoyées :   5079"
"Message",Low,"Taille de l'objet blob de métadonnées :          194537"
"Message",Low,"RVA de la méthode - taille de la table des jetons : 40632"
"Message",Low,"Taille native totale :           235169"
"Message",Low,"Génération réussie de 'C:\Users\amri_\source\repos\test_ble\dobot_ble_demo\obj\x86\Debug\ilc\intermediate\MDIL\dobot_ble_demo.mdilexe'"
"Message",Low,"Génération réussie de 'C:\Users\amri_\source\repos\test_ble\dobot_ble_demo\obj\x86\Debug\ilc\intermediate\MDIL\dobot_ble_demo.mdilpdb'"
"Message",Low,"Compilé en code MDIL."
"Message",Normal,"'C:\Program Files (x86)\Microsoft SDKs\UWPNuGetPackages\runtime.win10-x86.microsoft.net.native.compiler\2.2.7-rel-27913-00\tools\x86\ilc\Tools\nutc_driver.exe @""C:\Users\amri_\source\repos\test_ble\dobot_ble_demo\obj\x86\Debug\ilc\intermediate\MDIL\dobot_ble_demo.rsp""' achevé."
"Message",Normal,"Statistiques d'exécution de processus (toutes les durées en millisecondes)"
"Message",Normal,"-----------------------------------------------------------------------------"
"Message",Normal,"lancement | début |   arrêt  |   fin    |  durée   | durée de vie | nom [emplacement]"
"Message",Normal,"-----------------------------------------------------------------------------"
"Message",Normal,"       0 |        0 |     3750 |     3750 |     3750 |     3750 | [0] Nutc GlobalAnalysis"
"Message",Normal,"Nombre de commandes :    1"
"Message",Normal,"Temps système total :    3750 ms"
"Message",Normal,"Temps système par commande : 3750 ms"
"Message",Normal,"Durée totale :           3750 ms"
"Message",Normal,"Durée de vie totale :    3750 ms"
"Message",Normal,"DOP demandé :            8"
"Message",Normal,"Durée DOP :              1,0"
"Message",Normal,"Durée de vie DOP :       1,0"
"Message",Low,"Fin de l'exécution de la tâche ""GenerateMDILGlobalAnalysis""."
"Message",Low,"Génération de la cible ""GenerateMDILGlobalAnalysis"" terminée dans le fichier ""Nutc""."
"Message",Low,""
"Message",Low,"Tâche ""rc"""
"Message",Normal,"Lancement de 'C:\Program Files (x86)\Windows Kits\10\bin\10.0.18362.0\x64\rc.exe /c ""65001"" /r /fo ""C:\Users\amri_\source\repos\test_ble\dobot_ble_demo\obj\x86\Debug\ilc\intermediate\BuildInfo\BuildInfo.res"" ""C:\Users\amri_\source\repos\test_ble\dobot_ble_demo\obj\x86\Debug\ilc\intermediate\BuildInfo\BuildInfo.rc""'"
"Message",Low,"Microsoft (R) Windows (R) Resource Compiler Version 10.0.10011.16384"
"Message",Low,"Copyright (C) Microsoft Corporation.  All rights reserved."
"Message",Normal,"'C:\Program Files (x86)\Windows Kits\10\bin\10.0.18362.0\x64\rc.exe /c ""65001"" /r /fo ""C:\Users\amri_\source\repos\test_ble\dobot_ble_demo\obj\x86\Debug\ilc\intermediate\BuildInfo\BuildInfo.res"" ""C:\Users\amri_\source\repos\test_ble\dobot_ble_demo\obj\x86\Debug\ilc\intermediate\BuildInfo\BuildInfo.rc""' achevé."
"Message",Normal,"Statistiques d'exécution de processus (toutes les durées en millisecondes)"
"Message",Normal,"-----------------------------------------------------------------------------"
"Message",Normal,"lancement | début |   arrêt  |   fin    |  durée   | durée de vie | nom [emplacement]"
"Message",Normal,"-----------------------------------------------------------------------------"
"Message",Normal,"       0 |       15 |       62 |       62 |       47 |       62 | [0] rc"
"Message",Normal,"Nombre de commandes :    1"
"Message",Normal,"Temps système total :    62 ms"
"Message",Normal,"Temps système par commande : 62 ms"
"Message",Normal,"Durée totale :           47 ms"
"Message",Normal,"Durée de vie totale :    62 ms"
"Message",Normal,"DOP demandé :            8"
"Message",Normal,"Durée DOP :              0,8"
"Message",Normal,"Durée de vie DOP :       1,0"
"Message",Low,"Fin de l'exécution de la tâche ""rc""."
"Message",Low,"Tâche ""ResourceBinaryConcatenate"""
"Message",Normal,"Concaténation en 'C:\Users\amri_\source\repos\test_ble\dobot_ble_demo\obj\x86\Debug\ilc\intermediate\Native.res' avec l'alignement '4'."
"Message",Normal," Ajout effectué de 'C:\Users\amri_\source\repos\test_ble\dobot_ble_demo\obj\x86\Debug\ilc\intermediate\ILTransformed\dobot_ble_demo.res' à l'offset 0."
"Message",Normal," Ajout effectué de 'C:\Users\amri_\source\repos\test_ble\dobot_ble_demo\obj\x86\Debug\ilc\intermediate\BuildInfo\BuildInfo.res' à l'offset 1424."
"Message",Low,"Fin de l'exécution de la tâche ""ResourceBinaryConcatenate""."
"Message",Low,"Génération de la cible ""GenerateBuildInfo"" terminée dans le fichier ""Nutc""."
"Message",Low,"Génération du projet ""Nutc"" terminée."
"Message",Low,""
"Message",Low,""
"Message",Low,"Génération de la cible ""MDILBindPrepare"" terminée dans le fichier ""Binder""."
"Message",Low,""
"Message",High,"Génération de corrections pour le code natif"
"Message",Low,"Tâche ""MDILBind"""
"Message",Normal,"Lancement de 'C:\Program Files (x86)\Microsoft SDKs\UWPNuGetPackages\runtime.win10-x86.microsoft.net.native.compiler\2.2.7-rel-27913-00\tools\x86\ilc\Tools\rhbind.exe @""C:\Users\amri_\source\repos\test_ble\dobot_ble_demo\obj\x86\Debug\ilc\intermediate\rhbindargs.dobot_ble_demo.rsp""'"
"Message",Low,"VERSION DE SYSTÈME D'EXPLOITATION : principale : 6  secondaire : 2"
"Message",Low,"MDIL : C:\Users\amri_\source\repos\test_ble\dobot_ble_demo\obj\x86\Debug\ilc\intermediate\MDIL\dobot_ble_demo.mdilexe"
"Message",Low,"MDILPDB : C:\Users\amri_\source\repos\test_ble\dobot_ble_demo\obj\x86\Debug\ilc\intermediate\MDIL\dobot_ble_demo.mdilpdb"
"Message",Low,"IL : C:\Users\amri_\source\repos\test_ble\dobot_ble_demo\obj\x86\Debug\ilc\intermediate\MDIL\dobot_ble_demo.ilexe"
"Message",Low,"NI : C:\Users\amri_\source\repos\test_ble\dobot_ble_demo\obj\x86\Debug\ilc\intermediate\Native\dobot_ble_demo.dll"
"Message",Low,"SHIM : C:\Users\amri_\source\repos\test_ble\dobot_ble_demo\obj\x86\Debug\ilc\intermediate\Native\dobot_ble_demo.exe"
"Message",Low,"REDHAWK_RUNTIME_DLL_NAME_A=mrt100_app.dll"
"Message",Low,"pdb : C:\Users\amri_\source\repos\test_ble\dobot_ble_demo\obj\x86\Debug\ilc\intermediate\Native\dobot_ble_demo.pdb"
"Message",Low,"C:\Users\amri_\source\repos\test_ble\dobot_ble_demo\obj\x86\Debug\ilc\intermediate\Native\dobot_ble_demo.dll produits en 1.103 secondes"
"Message",Normal,"'C:\Program Files (x86)\Microsoft SDKs\UWPNuGetPackages\runtime.win10-x86.microsoft.net.native.compiler\2.2.7-rel-27913-00\tools\x86\ilc\Tools\rhbind.exe @""C:\Users\amri_\source\repos\test_ble\dobot_ble_demo\obj\x86\Debug\ilc\intermediate\rhbindargs.dobot_ble_demo.rsp""' achevé."
"Message",Normal,"Statistiques d'exécution de processus (toutes les durées en millisecondes)"
"Message",Normal,"-----------------------------------------------------------------------------"
"Message",Normal,"lancement | début |   arrêt  |   fin    |  durée   | durée de vie | nom [emplacement]"
"Message",Normal,"-----------------------------------------------------------------------------"
"Message",Normal,"       0 |        0 |     1157 |     1157 |     1157 |     1157 | [0] rhbind dobot_ble_demo"
"Message",Normal,"Nombre de commandes :    1"
"Message",Normal,"Temps système total :    1157 ms"
"Message",Normal,"Temps système par commande : 1157 ms"
"Message",Normal,"Durée totale :           1157 ms"
"Message",Normal,"Durée de vie totale :    1157 ms"
"Message",Normal,"DOP demandé :            8"
"Message",Normal,"Durée DOP :              1,0"
"Message",Normal,"Durée de vie DOP :       1,0"
"Message",Low,"Fin de l'exécution de la tâche ""MDILBind""."
"Message",Low,"Génération de la cible ""MDILBind"" terminée dans le fichier ""Binder""."
"Message",Low,"Génération du projet ""Binder"" terminée."
"Message",Low,""
"Message",Low,""
"Message",Low,"Génération de la cible ""CopyNativeExecutablesToOutput"" terminée dans le fichier ""Deployment""."
"Message",Low,""
"Message",Low,"Tâche ""TransformAppxManifest"""
"Message",Low,"Fin de l'exécution de la tâche ""TransformAppxManifest""."
"Message",Low,"Génération de la cible ""TransformAppxManifestAndAddCrt"" terminée dans le fichier ""Deployment""."
"Message",Low,""
"Message",Low,"Génération de la cible ""CopyPackageResourceFileInRetailBuild"" terminée dans le fichier ""Deployment""."
"Message",Low,"Génération du projet ""Deployment"" terminée."
"Message",Low,"Fin de la compilation"
